<?xml version="1.0" encoding="utf-8" ?>
<Patch>
	<Operation Class="PatchOperationAdd">
		<xpath>*/StatDef[defName="AccuracyShort"]</xpath>
		<value>
			<parts>
				<li Class="NegativeRecoil.StatPart_AdditionalWeaponAccuracy">
				</li>
			</parts>
		</value>
	</Operation>
	<Operation Class="PatchOperationAdd">
		<xpath>*/StatDef[defName="AccuracyMedium"]</xpath>
		<value>
			<parts>
				<li Class="NegativeRecoil.StatPart_AdditionalWeaponAccuracy">
				</li>
			</parts>
		</value>
	</Operation>
	<Operation Class="PatchOperationAdd">
		<xpath>*/StatDef[defName="AccuracyLong"]</xpath>
		<value>
			<parts>
				<li Class="NegativeRecoil.StatPart_AdditionalWeaponAccuracy">
				</li>
			</parts>
		</value>
	</Operation>	
	<Operation Class="PatchOperationAdd">
		<xpath>*/StatDef[defName="ShootingAccuracyPawn"]</xpath>
		<value>
			<parts>
				<li Class="NegativeRecoil.StatPart_AdditionalPawnAccuracy">
				</li>
			</parts>
		</value>
	</Operation>
</Patch>